season,team,home_gms,home_avg,road_gms,road_avg,overall_gms,overall_avg
2000-2001,Spurs,41,22272,41,16690,82,19481
2000-2001,Bulls,41,21674,41,16336,82,19005
2000-2001,Trail Blazers,41,20277,41,17037,82,18657
2000-2001,NY Knicks,41,19763,41,17680,82,18721
2000-2001,76ers,41,19651,41,18582,82,19116
2000-2001,Raptors,41,19347,41,17611,82,18479
2000-2001,Jazz,41,19321,41,16989,82,18155
2000-2001,Lakers,41,18935,41,19628,82,19281
2000-2001,Suns,41,17989,41,17157,82,17573
2000-2001,Pacers,41,17888,41,16508,82,17198
2000-2001,Timberwolves,41,17496,41,16787,82,17142
2000-2001,Kings,41,17317,41,18438,82,17877
2000-2001,Bucks,41,16661,41,16584,82,16623
2000-2001,Mavericks,41,16588,41,15761,82,16175
2000-2001,Heat,41,16516,41,17046,82,16781
2000-2001,Cavaliers,41,15872,41,16064,82,15968
2000-2001,Thunder,41,15630,41,16497,82,16063
2000-2001,Wizards,41,15576,41,15872,82,15724
2000-2001,Celtics,41,15346,41,16436,82,15891
2000-2001,Nuggets,41,15104,41,16403,82,15754
2000-2001,Pelicans,41,15010,41,16500,82,15755
2000-2001,Pistons,41,14812,41,16397,82,15604
2000-2001,Magic,41,14756,41,16810,82,15783
2000-2001,Clippers,41,14620,41,15823,82,15222
2000-2001,Warriors,41,14438,41,16058,82,15248
2000-2001,Nets,41,13806,41,16085,82,14946
2000-2001,Grizzlies,41,13737,41,15822,82,14779
2000-2001,Hawks,41,13666,41,16403,82,15035
2000-2001,Rockets,41,12647,41,16714,82,14680
2001-2002,Spurs,41,22107,41,17248,82,19677
2001-2002,Wizards,41,20674,41,19939,82,20306
2001-2002,76ers,41,20560,41,18720,82,19640
2001-2002,Raptors,41,19783,41,17200,82,18492
2001-2002,NY Knicks,41,19763,41,17082,82,18422
2001-2002,Mavericks,41,19580,41,17049,82,18314
2001-2002,Trail Blazers,41,19459,41,16483,82,17971
2001-2002,Lakers,41,18997,41,20102,82,19549
2001-2002,Bulls,41,18934,41,16000,82,17467
2001-2002,Jazz,41,18685,41,16667,82,17676
2001-2002,Pistons,41,18556,41,16417,82,17486
2001-2002,Bucks,41,18178,41,17043,82,17610
2001-2002,Clippers,41,18053,41,16569,82,17311
2001-2002,Timberwolves,41,17845,41,16961,82,17403
2001-2002,Kings,41,17317,41,17701,82,17509
2001-2002,Pacers,41,16744,41,16677,82,16711
2001-2002,Suns,41,16315,41,16765,82,16540
2001-2002,Celtics,41,16091,41,17576,82,16833
2001-2002,Heat,41,15989,41,16702,82,16345
2001-2002,Nuggets,41,15459,41,16396,82,15928
2001-2002,Thunder,41,15451,41,16013,82,15732
2001-2002,Magic,41,15149,41,17345,82,16247
2001-2002,Cavaliers,41,14539,41,15809,82,15174
2001-2002,Warriors,41,14467,41,16202,82,15335
2001-2002,Grizzlies,41,14415,41,15841,82,15128
2001-2002,Nets,41,13760,41,16403,82,15082
2001-2002,Hawks,41,12344,41,16315,82,14329
2001-2002,Rockets,41,11737,41,16551,82,14144
2001-2002,Pelicans,41,11286,41,16457,82,13871
2002-2003,Pistons,41,20470,41,16053,82,18261
2002-2003,Wizards,41,20172,41,19311,82,19742
2002-2003,Mavericks,41,19912,41,17618,82,18765
2002-2003,76ers,41,19685,41,18408,82,19046
2002-2003,Bulls,41,19617,41,16268,82,17942
2002-2003,Trail Blazers,41,19420,41,16458,82,17939
2002-2003,Jazz,41,19171,41,16585,82,17878
2002-2003,NY Knicks,41,19011,41,17104,82,18058
2002-2003,Lakers,41,18972,41,19107,82,19040
2002-2003,Raptors,41,18963,41,16509,82,17736
2002-2003,Spurs,41,17950,41,16559,82,17255
2002-2003,Kings,41,17317,41,17924,82,17620
2002-2003,Celtics,41,17293,41,17263,82,17278
2002-2003,Clippers,41,17231,41,16276,82,16753
2002-2003,Pacers,41,16352,41,16856,82,16604
2002-2003,Suns,41,16257,41,16318,82,16288
2002-2003,Bucks,41,16243,41,16327,82,16285
2002-2003,Timberwolves,41,15699,41,16657,82,16178
2002-2003,Pelicans,41,15650,41,16481,82,16066
2002-2003,Thunder,41,15541,41,16243,82,15892
2002-2003,Warriors,41,15486,41,16297,82,15891
2002-2003,Heat,41,15322,41,15844,82,15583
2002-2003,Nets,41,15184,41,16956,82,16070
2002-2003,Grizzlies,41,14910,41,16277,82,15593
2002-2003,Nuggets,41,14824,41,16299,82,15562
2002-2003,Magic,41,14778,41,17305,82,16041
2002-2003,Rockets,41,13784,41,17919,82,15851
2002-2003,Hawks,41,12894,41,16294,82,14594
2002-2003,Cavaliers,41,11496,41,16087,82,13792
2003-2004,Pistons,41,21290,41,17127,82,19209
2003-2004,Mavericks,41,20136,41,17452,82,18794
2003-2004,Bulls,41,19736,41,16517,82,18126
2003-2004,76ers,41,19222,41,17672,82,18447
2003-2004,NY Knicks,41,19164,41,17589,82,18376
2003-2004,Jazz,41,19154,41,16537,82,17845
2003-2004,Lakers,41,18969,41,19380,82,19175
2003-2004,Raptors,41,18307,41,16480,82,17394
2003-2004,Cavaliers,41,18287,41,18755,82,18521
2003-2004,Spurs,41,18041,41,17347,82,17694
2003-2004,Timberwolves,41,17635,41,17862,82,17749
2003-2004,Nuggets,41,17596,41,17184,82,17390
2003-2004,Kings,41,17317,41,17813,82,17565
2003-2004,Bucks,41,16833,41,16213,82,16523
2003-2004,Trail Blazers,41,16683,41,16282,82,16483
2003-2004,Pacers,41,16544,41,17710,82,17127
2003-2004,Suns,41,16350,41,16461,82,16406
2003-2004,Warriors,41,16235,41,15885,82,16060
2003-2004,Clippers,41,16229,41,16258,82,16243
2003-2004,Celtics,41,16201,41,16955,82,16578
2003-2004,Wizards,41,15740,41,16008,82,15874
2003-2004,Rockets,41,15629,41,17768,82,16698
2003-2004,Thunder,41,15255,41,16842,82,16049
2003-2004,Heat,41,15239,41,16524,82,15881
2003-2004,Grizzlies,41,15188,41,16695,82,15941
2003-2004,Nets,41,14952,41,17358,82,16155
2003-2004,Magic,41,14369,41,16793,82,15581
2003-2004,Pelicans,41,14332,41,16679,82,15505
2003-2004,Hawks,41,13798,41,16282,82,15040
2004-2005,Pistons,41,22076,41,17868,82,19972
2004-2005,Bulls,41,20204,41,17334,82,18769
2004-2005,Mavericks,41,20061,41,17259,82,18660
2004-2005,Heat,41,19881,41,18891,82,19386
2004-2005,NY Knicks,41,19515,41,17540,82,18528
2004-2005,Cavaliers,41,19128,41,18275,82,18701
2004-2005,Lakers,41,18792,41,18810,82,18801
2004-2005,Jazz,41,18756,41,16923,82,17839
2004-2005,Spurs,41,18316,41,17419,82,17868
2004-2005,76ers,41,17870,41,17933,82,17902
2004-2005,Suns,41,17708,41,17570,82,17639
2004-2005,Nuggets,41,17657,41,17506,82,17582
2004-2005,Kings,41,17317,41,17702,82,17509
2004-2005,Wizards,41,17196,41,16862,82,17029
2004-2005,Timberwolves,41,17181,41,17874,82,17527
2004-2005,Raptors,41,17155,41,16677,82,16916
2004-2005,Pacers,41,16994,41,16895,82,16944
2004-2005,Clippers,41,16980,41,16735,82,16857
2004-2005,Grizzlies,41,16862,41,16621,82,16742
2004-2005,Trail Blazers,41,16594,41,16658,82,16626
2004-2005,Thunder,41,16475,41,17029,82,16752
2004-2005,Warriors,41,16350,41,16708,82,16529
2004-2005,Rockets,41,16181,41,18183,82,17182
2004-2005,Celtics,41,16001,41,17216,82,16609
2004-2005,Bucks,41,15536,41,16651,82,16094
2004-2005,Nets,41,15089,41,16624,82,15857
2004-2005,Magic,41,14583,41,17510,82,16047
2004-2005,Hornets,41,14431,41,16717,82,15574
2004-2005,Hawks,41,14302,41,16730,82,15516
2004-2005,Pelicans,41,14221,41,16690,82,15456
2005-2006,Pistons,41,22076,41,18637,82,20356
2005-2006,Bulls,41,21188,41,17397,82,19292
2005-2006,Mavericks,41,20114,41,17591,82,18853
2005-2006,Heat,41,19954,41,18991,82,19473
2005-2006,Cavaliers,41,19326,41,18800,82,19063
2005-2006,NY Knicks,41,18931,41,17572,82,18251
2005-2006,Lakers,41,18882,41,18812,82,18847
2005-2006,Spurs,41,18797,41,18376,82,18586
2005-2006,Jazz,41,18332,41,17048,82,17690
2005-2006,Warriors,41,18272,41,16775,82,17524
2005-2006,Pelicans,41,18168,41,16659,82,17414
2005-2006,Suns,41,17809,41,17694,82,17751
2005-2006,Clippers,41,17375,41,16944,82,17160
2005-2006,Kings,41,17317,41,17101,82,17209
2005-2006,Wizards,41,17196,41,17291,82,17244
2005-2006,Nuggets,41,17137,41,17637,82,17387
2005-2006,Raptors,41,17056,41,16595,82,16826
2005-2006,Celtics,41,16899,41,17920,82,17409
2005-2006,Nets,41,16866,41,17710,82,17288
2005-2006,Bucks,41,16617,41,17119,82,16868
2005-2006,76ers,41,16518,41,18627,82,17573
2005-2006,Hornets,41,16366,41,17117,82,16741
2005-2006,Thunder,41,16198,41,17195,82,16697
2005-2006,Pacers,41,16179,41,17624,82,16902
2005-2006,Timberwolves,41,16150,41,17421,82,16785
2005-2006,Grizzlies,41,15793,41,17211,82,16502
2005-2006,Magic,41,15561,41,17084,82,16322
2005-2006,Rockets,41,15514,41,17554,82,16534
2005-2006,Hawks,41,15071,41,17067,82,16069
2005-2006,Trail Blazers,41,15049,41,17144,82,16097
2006-2007,Bulls,41,22252,41,18153,82,20202
2006-2007,Pistons,41,22076,41,18001,82,20038
2006-2007,Cavaliers,41,20436,41,18940,82,19688
2006-2007,Mavericks,41,20351,41,17821,82,19086
2006-2007,Heat,41,19720,41,18945,82,19332
2006-2007,Jazz,41,19566,41,17501,82,18533
2006-2007,Lakers,41,18985,41,18917,82,18951
2006-2007,NY Knicks,41,18805,41,17984,82,18394
2006-2007,Spurs,41,18654,41,17464,82,18059
2006-2007,Suns,41,18422,41,18541,82,18481
2006-2007,Clippers,41,18421,41,17406,82,17913
2006-2007,Wizards,41,18372,41,17270,82,17821
2006-2007,Raptors,41,18258,41,17347,82,17802
2006-2007,Warriors,41,18104,41,17012,82,17558
2006-2007,Pelicans,41,17833,41,16981,82,17407
2006-2007,Kings,41,17317,41,17282,82,17299
2006-2007,Nuggets,41,17230,41,18163,82,17696
2006-2007,Magic,41,17094,41,17470,82,17282
2006-2007,Nets,41,16925,41,17870,82,17398
2006-2007,Celtics,41,16843,41,17570,82,17206
2006-2007,Rockets,41,16545,41,18187,82,17366
2006-2007,Trail Blazers,41,16360,41,17558,82,16959
2006-2007,Bucks,41,16186,41,17350,82,16768
2006-2007,Timberwolves,41,15998,41,17894,82,16946
2006-2007,Thunder,41,15955,41,17445,82,16700
2006-2007,Hawks,41,15594,41,17170,82,16382
2006-2007,Hornets,41,15549,41,17477,82,16513
2006-2007,Pacers,41,15359,41,17802,82,16581
2006-2007,76ers,41,14843,41,17849,82,16346
2006-2007,Grizzlies,41,14654,41,17336,82,15995
2007-2008,Pistons,41,22076,41,17714,82,19895
2007-2008,Bulls,41,21987,41,17353,82,19670
2007-2008,Cavaliers,41,20465,41,17992,82,19228
2007-2008,Mavericks,41,20286,41,17716,82,19001
2007-2008,Jazz,41,19907,41,17215,82,18561
2007-2008,Warriors,41,19630,41,17255,82,18443
2007-2008,Trail Blazers,41,19550,41,16700,82,18125
2007-2008,Heat,41,19463,41,17503,82,18483
2007-2008,Raptors,41,19435,41,16653,82,18044
2007-2008,NY Knicks,41,19115,41,17429,82,18272
2007-2008,Lakers,41,18997,41,18671,82,18834
2007-2008,Celtics,41,18624,41,19042,82,18833
2007-2008,Spurs,41,18564,41,17954,82,18259
2007-2008,Suns,41,18422,41,18046,82,18234
2007-2008,Wizards,41,17962,41,16774,82,17368
2007-2008,Rockets,41,17524,41,17527,82,17526
2007-2008,Nuggets,41,17364,41,18115,82,17740
2007-2008,Magic,41,17301,41,17540,82,17420
2007-2008,Clippers,41,16888,41,16628,82,16758
2007-2008,Hawks,41,16280,41,16853,82,16567
2007-2008,Nets,41,15656,41,17610,82,16633
2007-2008,Bucks,41,15595,41,16738,82,16167
2007-2008,76ers,41,14870,41,17231,82,16050
2007-2008,Hornets,41,14717,41,17294,82,16005
2007-2008,Timberwolves,41,14476,41,16801,82,15639
2007-2008,Pelicans,41,14181,41,16905,82,15543
2007-2008,Kings,41,14150,41,17209,82,15680
2007-2008,Thunder,41,13355,41,17158,82,15257
2007-2008,Grizzlies,41,12770,41,16985,82,14877
2007-2008,Pacers,41,12221,41,17217,82,14719
2008-2009,Pistons,41,21877,41,18024,82,19950
2008-2009,Bulls,40,21197,41,17558,81,19355
2008-2009,Trail Blazers,41,20524,40,17167,81,18866
2008-2009,Mavericks,41,20042,41,17102,82,18572
2008-2009,Cavaliers,41,20010,41,18899,82,19455
2008-2009,Jazz,41,19903,41,17038,82,18470
2008-2009,NY Knicks,41,19287,40,17729,81,18518
2008-2009,Lakers,41,18997,40,19268,81,19130
2008-2009,Warriors,41,18942,41,16942,82,17942
2008-2009,Raptors,41,18773,41,16785,82,17779
2008-2009,Thunder,40,18693,41,16679,81,17674
2008-2009,Celtics,41,18624,41,18975,82,18799
2008-2009,Suns,41,18422,41,18122,82,18272
2008-2009,Spurs,41,18269,40,17626,81,17951
2008-2009,Heat,40,18229,41,18150,81,18189
2008-2009,Rockets,40,17482,41,17589,81,17536
2008-2009,Nuggets,41,17223,41,17227,82,17225
2008-2009,Magic,41,17043,40,17900,81,17466
2008-2009,Pelicans,41,16968,40,17702,81,17331
2008-2009,Hawks,41,16748,41,17303,82,17025
2008-2009,Wizards,41,16612,41,17157,82,16884
2008-2009,Clippers,40,16170,41,17202,81,16692
2008-2009,76ers,41,15802,40,17358,81,16570
2008-2009,Bucks,41,15389,41,16947,82,16168
2008-2009,Nets,41,15147,41,17586,82,16367
2008-2009,Hornets,40,14526,41,17310,81,15935
2008-2009,Timberwolves,41,14505,40,16845,81,15661
2008-2009,Pacers,41,14182,41,16628,82,15405
2008-2009,Grizzlies,40,12745,41,17101,81,14949
2008-2009,Kings,40,12571,41,17227,81,14928
2009-2010,Bulls,41,20725,41,17735,82,19230
2009-2010,Cavaliers,41,20562,41,19200,82,19881
2009-2010,Trail Blazers,41,20497,41,16546,82,18521
2009-2010,Mavericks,41,19994,41,17129,82,18561
2009-2010,NY Knicks,41,19501,41,17315,82,18408
2009-2010,Jazz,41,19378,41,17095,82,18237
2009-2010,Lakers,41,18997,41,19265,82,19131
2009-2010,Pistons,41,18751,41,17104,82,17928
2009-2010,Celtics,41,18169,41,18154,82,18161
2009-2010,Spurs,41,18089,41,17707,82,17898
2009-2010,Warriors,41,18027,41,16443,82,17235
2009-2010,Thunder,41,18003,41,16876,82,17440
2009-2010,Nuggets,41,17995,41,17446,82,17720
2009-2010,Raptors,41,17897,41,16466,82,17181
2009-2010,Heat,41,17730,41,18040,82,17885
2009-2010,Suns,41,17648,41,17376,82,17512
2009-2010,Magic,41,17461,41,17838,82,17649
2009-2010,Hawks,41,16545,41,17097,82,16821
2009-2010,Rockets,41,16528,41,16616,82,16572
2009-2010,Clippers,41,16343,41,16225,82,16284
2009-2010,Wizards,41,16204,41,16487,82,16346
2009-2010,Hornets,41,15824,41,16256,82,16040
2009-2010,Pelicans,41,15130,41,17168,82,16149
2009-2010,Bucks,41,15108,41,16823,82,15965
2009-2010,Timberwolves,41,15101,41,16112,82,15607
2009-2010,76ers,41,14224,41,16889,82,15556
2009-2010,Pacers,41,14202,41,16955,82,15578
2009-2010,Grizzlies,41,13485,41,16691,82,15088
2009-2010,Kings,41,13254,41,16973,82,15113
2009-2010,Nets,41,13103,41,16446,82,14774
2010-2011,Bulls,41,21791,41,18431,82,20111
2010-2011,Trail Blazers,41,20510,41,16333,82,18422
2010-2011,Cavaliers,41,20112,41,16200,82,18156
2010-2011,Mavericks,41,20101,41,16657,82,18379
2010-2011,Heat,41,19778,41,19447,82,19612
2010-2011,NY Knicks,41,19728,41,18044,82,18886
2010-2011,Jazz,41,19511,41,17331,82,18421
2010-2011,Lakers,41,18997,41,19087,82,19042
2010-2011,Magic,41,18972,41,17428,82,18200
2010-2011,Warriors,41,18692,41,17049,82,17871
2010-2011,Celtics,41,18624,41,18964,82,18794
2010-2011,Spurs,41,18314,41,17389,82,17851
2010-2011,Thunder,41,18148,41,17774,82,17961
2010-2011,Clippers,41,17742,41,17614,82,17678
2010-2011,Suns,41,17567,41,17462,82,17514
2010-2011,Nuggets,41,16901,41,17285,82,17093
2010-2011,Wizards,41,16791,41,17192,82,16992
2010-2011,Pistons,41,16660,41,16732,82,16696
2010-2011,Raptors,41,16566,41,16855,82,16710
2010-2011,Rockets,41,16191,41,16943,82,16567
2010-2011,Hornets,41,15846,41,16473,82,16159
2010-2011,Hawks,41,15648,41,16957,82,16303
2010-2011,Bucks,41,15412,41,16911,82,16162
2010-2011,Timberwolves,41,15242,41,16885,82,16064
2010-2011,76ers,41,14751,41,17155,82,15953
2010-2011,Pelicans,41,14709,41,17179,82,15944
2010-2011,Grizzlies,41,14650,41,16441,82,15546
2010-2011,Nets,41,14179,41,17098,82,15639
2010-2011,Kings,41,13890,41,17400,82,15645
2010-2011,Pacers,41,13538,41,16844,82,15191
2011-2012,Bulls,33,22161,33,17989,66,20075
2011-2012,Trail Blazers,33,20496,33,17164,66,18830
2011-2012,Mavericks,33,20334,33,17712,66,19023
2011-2012,Heat,33,19935,33,19399,66,19667
2011-2012,NY Knicks,33,19763,33,18407,66,19085
2011-2012,Jazz,33,19306,33,16929,66,18118
2011-2012,Clippers,33,19219,33,18342,66,18781
2011-2012,Lakers,33,18997,33,19034,66,19015
2011-2012,Magic,33,18896,33,17161,66,18028
2011-2012,Warriors,33,18857,33,16364,66,17611
2011-2012,Celtics,33,18624,33,18288,66,18456
2011-2012,Spurs,33,18396,33,16990,66,17693
2011-2012,Thunder,33,18203,33,18031,66,18117
2011-2012,76ers,33,17502,33,16764,66,17133
2011-2012,Timberwolves,33,17490,33,16310,66,16900
2011-2012,Nuggets,33,17029,33,17228,66,17128
2011-2012,Raptors,33,16835,33,16732,66,16784
2011-2012,Wizards,33,16728,33,16361,66,16544
2011-2012,Cavaliers,33,15926,33,16723,66,16324
2011-2012,Grizzlies,33,15704,33,17068,66,16386
2011-2012,Suns,33,15597,33,17806,66,16702
2011-2012,Rockets,33,15363,33,17733,66,16548
2011-2012,Hawks,33,15199,33,16820,66,16010
2011-2012,Pelicans,33,15109,33,16717,66,15913
2011-2012,Hornets,33,14757,33,16534,66,15645
2011-2012,Bucks,33,14718,33,16661,66,15689
2011-2012,Kings,33,14508,33,16905,66,15706
2011-2012,Pistons,33,14413,33,16342,66,15378
2011-2012,Pacers,33,14168,33,16597,66,15382
2011-2012,Nets,33,13961,33,17081,66,15521
2012-2013,Bulls,41,21876,41,18144,82,20010
2012-2013,Mavericks,41,20036,41,17613,82,18824
2012-2013,Heat,41,19982,41,19090,82,19536
2012-2013,Trail Blazers,41,19829,41,16727,82,18278
2012-2013,Warriors,41,19373,41,17204,82,18288
2012-2013,Clippers,41,19226,41,17806,82,18516
2012-2013,NY Knicks,41,19033,41,18271,82,18652
2012-2013,Lakers,41,18997,41,18866,82,18931
2012-2013,Jazz,41,18680,41,16769,82,17724
2012-2013,Celtics,40,18624,41,17768,81,18191
2012-2013,Spurs,41,18431,41,17290,82,17861
2012-2013,Thunder,41,18203,41,18335,82,18269
2012-2013,Raptors,41,18144,41,16313,82,17229
2012-2013,Nuggets,41,17819,41,17401,82,17610
2012-2013,Magic,41,17595,41,16821,82,17208
2012-2013,Nets,41,17187,41,17239,82,17213
2012-2013,76ers,41,16717,41,17323,82,17020
2012-2013,Rockets,41,16672,41,17982,82,17327
2012-2013,Grizzlies,41,16624,41,17194,82,16909
2012-2013,Wizards,41,16343,41,16193,82,16268
2012-2013,Timberwolves,41,16340,41,17034,82,16687
2012-2013,Cavaliers,41,16192,41,16780,82,16486
2012-2013,Suns,41,15436,41,17152,82,16294
2012-2013,Hornets,41,15324,41,16502,82,15913
2012-2013,Pacers,41,15269,40,17061,81,16154
2012-2013,Hawks,41,15125,41,17165,82,16145
2012-2013,Bucks,41,15035,41,16919,82,15977
2012-2013,Pistons,41,14782,41,16885,82,15834
2012-2013,Pelicans,41,13803,41,17254,82,15528
2012-2013,Kings,41,13749,41,17305,82,15527
2013-2014,Bulls,41,21716,41,17551,82,19634
2013-2014,Mavericks,41,19950,41,17268,82,18609
2013-2014,NY Knicks,41,19812,41,17422,82,18617
2013-2014,Heat,41,19781,41,19190,82,19486
2013-2014,Trail Blazers,41,19746,41,17312,82,18529
2013-2014,Warriors,41,19596,41,17526,82,18561
2013-2014,Clippers,41,19212,41,17218,82,18215
2013-2014,Lakers,41,18828,41,17845,82,18337
2013-2014,Spurs,41,18415,41,17627,82,18021
2013-2014,Raptors,41,18252,41,16702,82,17477
2013-2014,Thunder,41,18203,41,18170,82,18186
2013-2014,Jazz,41,18175,41,17295,82,17735
2013-2014,Rockets,41,18123,41,17427,82,17775
2013-2014,Celtics,41,18107,41,17484,82,17796
2013-2014,Pacers,41,17501,41,17872,82,17686
2013-2014,Cavaliers,41,17329,41,17388,82,17358
2013-2014,Nets,41,17251,41,17528,82,17390
2013-2014,Wizards,41,17026,41,17183,82,17104
2013-2014,Nuggets,41,16899,41,17211,82,17055
2013-2014,Grizzlies,41,16718,41,17269,82,16993
2013-2014,Pelicans,41,16390,41,17397,82,16894
2013-2014,Kings,41,16291,41,16859,82,16575
2013-2014,Magic,41,16245,41,16583,82,16414
2013-2014,Suns,41,15871,41,17250,82,16560
2013-2014,Hornets,41,15518,41,17026,82,16272
2013-2014,Pistons,41,15005,41,17280,82,16143
2013-2014,Timberwolves,41,14564,41,17605,82,16085
2013-2014,Hawks,41,14339,41,17274,82,15807
2013-2014,76ers,41,13869,41,17441,82,15655
2013-2014,Bucks,41,13487,41,17013,82,15250
2014-2015,Bulls,41,21343,41,18404,82,19874
2014-2015,Cavaliers,41,20562,41,18915,82,19738
2014-2015,Mavericks,41,20187,41,17653,82,18920
2014-2015,NY Knicks,41,19812,41,17462,82,18637
2014-2015,Raptors,41,19751,41,17522,82,18637
2014-2015,Heat,41,19712,41,17703,82,18708
2014-2015,Warriors,41,19596,41,18312,82,18954
2014-2015,Trail Blazers,41,19554,41,17657,82,18605
2014-2015,Clippers,41,19168,41,18079,82,18623
2014-2015,Jazz,41,18830,41,17135,82,17982
2014-2015,Lakers,41,18737,41,17875,82,18306
2014-2015,Spurs,41,18606,41,17972,82,18289
2014-2015,Wizards,41,18238,41,18253,82,18246
2014-2015,Rockets,41,18229,41,17969,82,18099
2014-2015,Thunder,41,18203,41,17956,82,18079
2014-2015,Celtics,41,17593,41,17741,82,17667
2014-2015,Hawks,41,17412,41,17582,82,17497
2014-2015,Grizzlies,41,17329,41,18017,82,17673
2014-2015,Hornets,41,17192,41,17654,82,17423
2014-2015,Nets,41,17037,41,18039,82,17538
2014-2015,Suns,41,16923,41,17586,82,17254
2014-2015,Pacers,41,16864,41,17892,82,17378
2014-2015,Magic,41,16785,41,17585,82,17185
2014-2015,Pelicans,41,16677,41,17640,82,17158
2014-2015,Kings,41,16586,41,17515,82,17050
2014-2015,Pistons,41,15266,41,17866,82,16566
2014-2015,Bucks,41,14907,41,17180,82,16044
2014-2015,Nuggets,41,14700,41,17437,82,16068
2014-2015,Timberwolves,41,14528,41,18000,82,16264
2014-2015,76ers,41,13940,41,17665,82,15802
2015-2016,Cavaliers,41,20562,41,18910,82,19736
2015-2016,Mavericks,41,20143,41,17727,82,18935
2015-2016,Raptors,41,19825,41,17162,82,18494
2015-2016,NY Knicks,41,19812,41,18440,82,19126
2015-2016,Heat,41,19740,41,18044,82,18892
2015-2016,Warriors,41,19596,41,19134,82,19365
2015-2016,Trail Blazers,41,19367,41,17703,82,18535
2015-2016,Jazz,41,19304,41,17378,82,18341
2015-2016,Clippers,41,19192,41,17792,82,18492
2015-2016,Spurs,41,18449,41,17938,82,18194
2015-2016,Celtics,41,18270,41,17439,82,17854
2015-2016,Thunder,41,18203,41,18258,82,18230
2015-2016,Rockets,41,17981,41,17740,82,17861
2015-2016,Wizards,41,17693,41,17787,82,17740
2015-2016,Magic,41,17543,41,17175,82,17359
2015-2016,Hornets,41,17485,41,17784,82,17634
2015-2016,Kings,41,17256,41,17355,82,17306
2015-2016,Suns,41,17107,41,16881,82,16994
2015-2016,Pacers,41,16847,41,17851,82,17349
2015-2016,Hawks,41,16832,41,17611,82,17222
2015-2016,Pelicans,41,16793,41,17851,82,17322
2015-2016,Grizzlies,41,16697,41,17589,82,17143
2015-2016,Pistons,41,16515,41,17814,82,17164
2015-2016,Bucks,41,15166,41,17623,82,16394
2015-2016,Nets,41,15125,41,18106,82,16615
2015-2016,76ers,41,14881,41,17491,82,16186
2015-2016,Timberwolves,41,14175,41,17831,82,16003
2015-2016,Nuggets,41,14095,41,17751,82,15923
2015-2016,Bulls,41,0,41,0,82,0
2015-2016,Lakers,41,0,41,0,82,0
2016-2017,Bulls,41,21680,41,18033,82,19856
2016-2017,Cavaliers,41,20562,41,19021,82,19791
2016-2017,Raptors,41,19830,41,17925,82,18878
2016-2017,Mavericks,41,19789,41,17519,82,18654
2016-2017,NY Knicks,41,19774,41,17927,82,18850
2016-2017,Jazz,41,19673,41,17212,82,18442
2016-2017,Heat,41,19643,41,17818,82,18731
2016-2017,Warriors,41,19596,41,19015,82,19305
2016-2017,Trail Blazers,41,19317,41,17555,82,18436
2016-2017,Clippers,41,19088,41,17889,82,18488
2016-2017,Lakers,41,18949,41,18191,82,18570
2016-2017,Celtics,41,18553,41,18313,82,18433
2016-2017,Spurs,41,18423,41,18131,82,18277
2016-2017,Thunder,41,18203,41,18373,82,18288
2016-2017,Magic,41,17753,41,17333,82,17543
2016-2017,Kings,41,17608,41,17489,82,17548
2016-2017,Hornets,41,17332,41,17563,82,17448
2016-2017,76ers,41,17330,41,17209,82,17269
2016-2017,Suns,41,17283,41,17618,82,17451
2016-2017,Wizards,41,17002,41,17949,82,17476
2016-2017,Rockets,41,16973,41,18140,82,17556
2016-2017,Pacers,41,16697,41,17848,82,17272
2016-2017,Grizzlies,41,16519,41,17655,82,17087
2016-2017,Pelicans,41,16173,41,18062,82,17118
2016-2017,Pistons,41,15979,41,17699,82,16839
2016-2017,Hawks,41,15958,41,17816,82,16887
2016-2017,Bucks,41,15828,41,17928,82,16878
2016-2017,Nets,41,15429,41,17755,82,16592
2016-2017,Timberwolves,41,14809,41,18113,82,16461
2016-2017,Nuggets,41,14770,41,17420,82,16095
2017-2018,Bulls,41,20776,41,18030,82,19403
2017-2018,Cavaliers,41,20562,41,19071,82,19825
2017-2018,76ers,41,20329,41,18012,82,19185
2017-2018,Raptors,41,19839,41,17673,82,18756
2017-2018,Mavericks,41,19791,41,17374,82,18597
2017-2018,Heat,41,19631,41,18177,82,18895
2017-2018,Warriors,41,19596,41,18884,82,19240
2017-2018,Trail Blazers,41,19398,41,17556,82,18477
2017-2018,NY Knicks,41,19331,41,18179,82,18762
2017-2018,Lakers,41,18934,41,18655,82,18796
2017-2018,Celtics,41,18624,41,18588,82,18606
2017-2018,Spurs,41,18403,41,18427,82,18415
2017-2018,Thunder,41,18203,41,18866,82,18534
2017-2018,Wizards,41,17973,41,17682,82,17826
2017-2018,Jazz,41,17922,41,17495,82,17708
2017-2018,Rockets,41,17900,41,18369,82,18137
2017-2018,Magic,41,17893,41,17651,82,17770
2017-2018,Kings,41,17555,41,17478,82,17515
2017-2018,Pistons,41,17413,41,17959,82,17686
2017-2018,Nuggets,41,17141,41,17871,82,17506
2017-2018,Timberwolves,41,17056,41,17850,82,17453
2017-2018,Clippers,41,17019,41,17735,82,17373
2017-2018,Suns,41,16866,41,17610,82,17243
2017-2018,Bucks,41,16714,41,18380,82,17547
2017-2018,Pelicans,41,16437,41,17911,82,17174
2017-2018,Hornets,41,16375,41,17623,82,16999
2017-2018,Pacers,41,16051,41,17749,82,16889
2017-2018,Grizzlies,41,15947,41,17348,82,16648
2017-2018,Nets,41,15556,41,17687,82,16622
2017-2018,Hawks,41,14409,41,17854,82,16088
2017-2018,Leb,0,0,1,0,0,0
2017-2018,Ste,1,0,0,0,0,0
2017-2018,World,0,0,1,0,0,0
2017-2018,Usa,1,0,0,0,0,0
2018-2019,76ers,41,20441,41,17895,82,19168
2018-2019,Bulls,41,20084,41,17822,82,18953
2018-2019,Mavericks,41,20013,41,18073,82,19043
2018-2019,Raptors,41,19824,41,18239,82,19032
2018-2019,Heat,41,19640,41,18176,82,18908
2018-2019,Warriors,41,19596,41,18790,82,19193
2018-2019,Trail Blazers,41,19496,41,17992,82,18753
2018-2019,Cavaliers,41,19349,41,17632,82,18490
2018-2019,NY Knicks,41,19002,41,17566,82,18284
2018-2019,Lakers,41,18997,41,18862,82,18929
2018-2019,Celtics,41,18624,41,18671,82,18647
2018-2019,Nuggets,41,18450,41,17474,82,17962
2018-2019,Spurs,41,18307,41,17381,82,17844
2018-2019,Jazz,41,18306,41,17517,82,17911
2018-2019,Thunder,41,18203,41,17866,82,18034
2018-2019,Rockets,41,18058,41,17921,82,17989
2018-2019,Bucks,41,17602,41,18185,82,17893
2018-2019,Magic,41,17561,41,17659,82,17610
2018-2019,Wizards,41,17487,41,17509,82,17498
2018-2019,Clippers,41,17325,41,17233,82,17279
2018-2019,Kings,41,17096,41,17199,82,17148
2018-2019,Pacers,41,16812,41,17957,82,17377
2018-2019,Hornets,41,16501,41,17648,82,17074
2018-2019,Pistons,41,16486,41,17819,82,17153
2018-2019,Pelicans,41,16004,41,17667,82,16835
2018-2019,Grizzlies,41,15578,41,17579,82,16604
2018-2019,Hawks,41,15327,41,17786,82,16557
2018-2019,Timberwolves,41,15305,41,17641,82,16473
2018-2019,Suns,41,15293,41,17982,82,16638
2018-2019,Nets,41,14941,41,18085,82,16513
2018-2019,Leb,0,0,1,0,0,0
2018-2019,World,0,0,1,0,0,0
2018-2019,Usa,1,0,0,0,0,0
2018-2019,Gia,1,0,0,0,0,0
2019-2020,76ers,35,20628,38,17706,73,19122
2019-2020,Mavericks,38,20061,37,18249,75,19169
2019-2020,Raptors,36,19795,36,17789,72,18792
2019-2020,Heat,36,19680,37,18127,73,18891
2019-2020,Trail Blazers,36,19633,38,17941,74,18748
2019-2020,Nuggets,37,19186,36,17163,73,18190
2019-2020,Celtics,36,19089,36,18409,72,18749
2019-2020,Clippers,36,19068,36,17855,72,18461
2019-2020,Lakers,35,18997,36,18877,71,18936
2019-2020,NY Knicks,33,18811,33,17767,66,18289
2019-2020,Bulls,34,18804,31,17767,65,18310
2019-2020,Spurs,34,18350,37,17588,71,17951
2019-2020,Jazz,35,18306,37,17261,72,17767
2019-2020,Thunder,37,18203,35,17855,72,18034
2019-2020,Rockets,36,18076,36,18072,72,18074
2019-2020,Warriors,34,18064,31,17454,65,17773
2019-2020,Cavaliers,36,17816,29,18254,65,18014
2019-2020,Bucks,35,17710,38,17892,73,17805
2019-2020,Magic,35,17092,38,17243,73,17171
2019-2020,Kings,35,16795,37,17739,72,17282
2019-2020,Wizards,36,16646,36,17587,72,17117
2019-2020,Pacers,36,16531,37,17297,73,16914
2019-2020,Pelicans,36,16505,36,18234,72,17369
2019-2020,Nets,36,16403,36,17910,72,17157
2019-2020,Hawks,34,16042,33,17786,67,16901
2019-2020,Grizzlies,37,15857,36,17508,73,16670
2019-2020,Suns,39,15732,34,17660,73,16622
2019-2020,Pistons,33,15438,33,17641,66,16539
2019-2020,Hornets,31,15438,34,17564,65,16550
2019-2020,Timberwolves,32,15066,32,17463,64,16264
2019-2020,Leb,0,0,1,0,0,0
2019-2020,World,0,0,1,0,0,0
2019-2020,Usa,1,0,0,0,0,0
2019-2020,Gia,1,0,0,0,0,0
2020-2021,Jazz,36,4450,36,3104,72,4077
2020-2021,76ers,36,3810,36,2693,72,3284
2020-2021,Suns,36,3715,36,2951,72,3397
2020-2021,Mavericks,36,3648,36,2316,72,3140
2020-2021,Nuggets,36,3636,36,2481,72,3023
2020-2021,Magic,36,3630,36,2954,72,3405
2020-2021,Bulls,36,3413,36,2343,72,2538
2020-2021,Hornets,36,3412,36,2475,72,2981
2020-2021,Rockets,36,3250,36,3282,72,3259
2020-2021,Spurs,36,3052,36,3170,72,3111
2020-2021,Warriors,36,3041,36,2873,72,2939
2020-2021,Cavaliers,36,2950,36,2616,72,2828
2020-2021,Wizards,36,2666,36,2678,72,2675
2020-2021,Bucks,36,2591,36,2644,72,2612
2020-2021,Pelicans,36,2586,36,2793,72,2662
2020-2021,Raptors,36,2365,36,2046,72,2152
2020-2021,Lakers,36,2331,36,3015,72,2762
2020-2021,Celtics,36,2312,36,2781,72,2607
2020-2021,Hawks,36,2195,36,2786,72,2397
2020-2021,Grizzlies,36,2194,36,2928,72,2500
2020-2021,Trail Blazers,36,1939,36,3420,72,3138
2020-2021,NY Knicks,36,1755,36,2803,72,2244
2020-2021,Clippers,36,1737,36,2932,72,2590
2020-2021,Nets,36,1524,36,3005,72,2182
2020-2021,Timberwolves,36,1434,36,2307,72,1937
2020-2021,Pistons,36,647,36,2946,72,1579
2020-2021,Pacers,36,0,36,3030,72,2840
2020-2021,Heat,36,0,36,3272,72,3108
2020-2021,Kings,36,0,36,3007,72,2660
2020-2021,Thunder,36,0,36,2463,72,2203
2020-2021,Leb,0,0,1,0,0,0
2020-2021,Dur,1,0,0,0,0,0
2021-2022,Bulls,41,20881,41,18198,82,19556
2021-2022,76ers,41,20655,41,16589,82,18622
2021-2022,Mavericks,41,19739,41,17092,82,18415
2021-2022,Heat,41,19628,41,17294,82,18476
2021-2022,Celtics,41,19156,41,17583,82,18360
2021-2022,Raptors,41,18873,41,17233,82,17913
2021-2022,Lakers,41,18649,41,18179,82,18414
2021-2022,NY Knicks,41,18621,41,17722,82,18177
2021-2022,Cavaliers,41,18493,41,17134,82,17813
2021-2022,Jazz,41,18306,41,16898,82,17610
2021-2022,Warriors,41,18064,41,18111,82,18087
2021-2022,Bucks,41,17453,41,17656,82,17555
2021-2022,Nets,41,17354,41,17456,82,17405
2021-2022,Trail Blazers,41,17209,41,16559,82,16888
2021-2022,Hornets,41,17091,41,17503,82,17294
2021-2022,Nuggets,41,16957,41,16864,82,16911
2021-2022,Clippers,41,16926,41,16910,82,16918
2021-2022,Suns,41,16567,41,17403,82,16979
2021-2022,Hawks,41,16408,41,17073,82,16736
2021-2022,Pistons,41,16184,41,16752,82,16468
2021-2022,Timberwolves,41,16028,41,16811,82,16419
2021-2022,Grizzlies,41,15775,41,17740,82,16757
2021-2022,Rockets,41,15584,41,16655,82,16120
2021-2022,Wizards,41,15541,41,16939,82,16231
2021-2022,Pelicans,41,15510,41,16727,82,16103
2021-2022,Magic,41,15192,41,17062,82,16127
2021-2022,Spurs,41,15014,41,16939,82,15965
2021-2022,Thunder,41,14877,41,16638,82,15768
2021-2022,Kings,41,14439,41,16598,82,15532
2021-2022,Pacers,41,14359,41,16794,82,15577
2021-2022,Leb,1,0,0,0,0,0
2021-2022,Dur,0,0,1,0,0,0
2022-2023,Bulls,41,20527,41,18243,82,19385
2022-2023,76ers,41,20469,41,17910,82,19190
2022-2023,Mavericks,41,20177,41,18138,82,19158
2022-2023,Raptors,41,19786,41,17755,82,18771
2022-2023,Heat,41,19687,41,18369,82,19028
2022-2023,Cavaliers,41,19432,41,18093,82,18754
2022-2023,NY Knicks,41,19392,41,18467,82,18930
2022-2023,Nuggets,41,19235,41,17628,82,18431
2022-2023,Celtics,41,19156,41,18830,82,18991
2022-2023,Trail Blazers,41,18716,41,17786,82,18257
2022-2023,Lakers,41,18613,41,18777,82,18695
2022-2023,Pistons,41,18529,41,17866,82,18197
2022-2023,Jazz,41,18206,41,17881,82,18041
2022-2023,Warriors,41,18064,41,19772,82,18907
2022-2023,Magic,41,17765,41,18013,82,17888
2022-2023,Nets,41,17669,41,18312,82,17990
2022-2023,Clippers,41,17574,41,17625,82,17599
2022-2023,Hawks,41,17555,41,18053,82,17804
2022-2023,Bucks,41,17531,41,18296,82,17913
2022-2023,Kings,41,17451,41,17534,82,17492
2022-2023,Wizards,41,17328,41,17753,82,17541
2022-2023,Grizzlies,41,17264,41,18162,82,17713
2022-2023,Hornets,41,17123,41,18032,82,17578
2022-2023,Suns,41,17071,41,18294,82,17690
2022-2023,Spurs,41,16937,41,17649,82,17293
2022-2023,Pelicans,41,16772,41,18021,82,17397
2022-2023,Timberwolves,41,16768,41,17499,82,17133
2022-2023,Rockets,41,16313,41,17677,82,16995
2022-2023,Pacers,41,15647,41,17900,82,16774
2022-2023,Thunder,41,15534,41,17948,82,16726
2022-2023,Leb,1,0,0,0,0,0
2022-2023,Gia,0,0,1,0,0,0
2023-2024,Bulls,41,20624,41,18379,82,19501
2023-2024,Mavericks,41,20217,41,18299,82,19258
2023-2024,76ers,41,20041,41,18395,82,19218
2023-2024,Heat,41,19749,41,18392,82,19071
2023-2024,NY Knicks,41,19728,41,18620,82,19174
2023-2024,Nuggets,41,19684,41,18211,82,18948
2023-2024,Raptors,41,19515,41,17993,82,18754
2023-2024,Cavaliers,41,19345,41,18378,82,18862
2023-2024,Celtics,41,19156,41,18743,82,18949
2023-2024,Clippers,41,18945,41,18431,82,18688
2023-2024,Lakers,42,18903,40,18673,82,18791
2023-2024,Magic,41,18876,41,18105,82,18491
2023-2024,Trail Blazers,41,18326,41,17987,82,18156
2023-2024,Jazz,41,18206,41,17986,82,18096
2023-2024,Pistons,40,18159,42,18316,82,18240
2023-2024,Spurs,41,18110,41,18386,82,18248
2023-2024,Warriors,41,18064,41,18720,82,18392
2023-2024,Timberwolves,41,18024,41,18185,82,18104
2023-2024,Kings,41,17927,41,17921,82,17924
2023-2024,Bucks,42,17640,40,18664,82,18139
2023-2024,Nets,41,17568,41,18156,82,17862
2023-2024,Rockets,41,17562,41,18170,82,17866
2023-2024,Thunder,41,17451,41,18404,82,17927
2023-2024,Pelicans,40,17301,42,18193,82,17758
2023-2024,Suns,41,17071,41,18582,82,17826
2023-2024,Hawks,41,16985,41,18416,82,17701
2023-2024,Wizards,41,16898,41,18190,82,17544
2023-2024,Grizzlies,41,16631,41,18182,82,17406
2023-2024,Pacers,41,16525,41,18380,82,17453
2023-2024,Hornets,41,16448,41,18268,82,17358
2024-2025,Hawks,40,0,42,0,82,0
2024-2025,Celtics,41,0,41,0,82,0
2024-2025,Pelicans,41,0,41,0,82,0
2024-2025,Bulls,41,0,41,0,82,0
2024-2025,Cavaliers,41,0,41,0,82,0
2024-2025,Mavericks,40,0,42,0,82,0
2024-2025,Nuggets,41,0,41,0,82,0
2024-2025,Pistons,41,0,41,0,82,0
2024-2025,Warriors,41,0,41,0,82,0
2024-2025,Rockets,41,0,41,0,82,0
2024-2025,Pacers,41,0,41,0,82,0
2024-2025,Clippers,41,0,41,0,82,0
2024-2025,Lakers,41,0,41,0,82,0
2024-2025,Heat,41,0,41,0,82,0
2024-2025,Bucks,42,0,40,0,82,0
2024-2025,Timberwolves,41,0,41,0,82,0
2024-2025,Nets,41,0,41,0,82,0
2024-2025,NY Knicks,41,0,41,0,82,0
2024-2025,Magic,41,0,41,0,82,0
2024-2025,76ers,41,0,41,0,82,0
2024-2025,Suns,41,0,41,0,82,0
2024-2025,Trail Blazers,41,0,41,0,82,0
2024-2025,Kings,41,0,41,0,82,0
2024-2025,Spurs,41,0,41,0,82,0
2024-2025,Thunder,42,0,40,0,82,0
2024-2025,Jazz,41,0,41,0,82,0
2024-2025,Wizards,41,0,41,0,82,0
2024-2025,Raptors,41,0,41,0,82,0
2024-2025,Grizzlies,41,0,41,0,82,0
2024-2025,Hornets,41,0,41,0,82,0
2024-2025,Team Chuck,2,0,0,0,0,0
2024-2025,Team Shaq,1,0,1,0,2,0
2024-2025,Team Kenny,0,0,1,0,0,0
2024-2025,Team Candace,0,0,1,0,0,0
